{"cameraMode":{"drawMode":0,"name":"Shaded","section":"Shading Mode"},"sceneLighting":true,"audioPlay":false,"sceneViewState":{"showFog":true,"showMaterialUpdate":false,"showSkybox":true,"showFlares":true,"showImageEffects":true,"showParticleSystems":true},"in2DMode":false,"pivot":{"x":-0.049423277378082278,"y":0.141132190823555,"z":0.32732897996902468},"rotation":{"x":0.040250878781080249,"y":0.48948296904563906,"z":0.022624574601650239,"w":-0.8707895874977112},"size":0.6286518573760986,"orthographic":false}